PF Number,Name,Designation,Job Grade,Department,Duty Station,Email,Phone,Active
PF1001,Grace Wanjiku,Deputy Director,NGCDF 3,"Projects, Planning & M&E",Headquarters,gwanjiku@ngcdf.go.ke,0700000001,Yes
PF1002,Peter Otieno,Senior M&E Officer,NGCDF 5,"Projects, Planning & M&E",Headquarters,potieno@ngcdf.go.ke,0700000002,Yes
PF1003,Amina Hassan,M&E Officer,NGCDF 6,"Projects, Planning & M&E",Headquarters,ahassan@ngcdf.go.ke,0700000003,Yes
PF1004,John Kiprono,Principal Accountant,NGCDF 4,Finance & Accounts,Headquarters,jkiprono@ngcdf.go.ke,0700000004,Yes
PF1005,Mary Achieng,Accountant,NGCDF 6,Finance & Accounts,Headquarters,machieng@ngcdf.go.ke,0700000005,Yes
PF1006,David Mwangi,Senior Internal Auditor,NGCDF 5,Internal Audit & Compliance,Headquarters,dmwangi@ngcdf.go.ke,0700000006,Yes
PF1007,Faith Njeri,Internal Auditor,NGCDF 6,Internal Audit & Compliance,Headquarters,fnjeri@ngcdf.go.ke,0700000007,Yes
PF1008,Samuel Kamau,Regional Coordinator,NGCDF 4,Regional Coordination,Western Region,skamau@ngcdf.go.ke,0700000008,Yes
PF1009,Lucy Wambui,Regional Coordinator,NGCDF 4,Regional Coordination,Nyanza Region,lwambui@ngcdf.go.ke,0700000009,Yes
PF1010,Brian Ouma,Communications Officer,NGCDF 6,Corporate Communications,Headquarters,bouma@ngcdf.go.ke,0700000010,Yes
PF1011,Esther Chebet,Legal Officer,NGCDF 5,Legal Services,Headquarters,echebet@ngcdf.go.ke,0700000011,Yes
PF1012,Joseph Mutua,Driver,NGCDF 8,Human Resource & Administration,Headquarters,jmutua@ngcdf.go.ke,0700000012,Yes
PF1013,Ann Nyambura,ICT Officer,NGCDF 6,ICT,Headquarters,anyambura@ngcdf.go.ke,0700000013,Yes
PF1014,Kevin Barasa,Procurement Officer,NGCDF 6,Procurement,Headquarters,kbarasa@ngcdf.go.ke,0700000014,Yes
PF1015,Rose Akinyi,Board Secretary,NGCDF 3,Board Secretariat,Headquarters,rakinyi@ngcdf.go.ke,0700000015,Yes
PF1016,Tom Were,Records Officer,NGCDF 7,Human Resource & Administration,Headquarters,twere@ngcdf.go.ke,0700000016,No
